db,device,designators,part_value,manufacturer,mpn,package,quantity,status,mdf_file,reference_url,note
demo,HILTOP Motherboard Rev D,C130 C61 C62 C112 C237 C238 C167 C176,DNF,,,Capacitor_SMD:C_0603_1608Metric,8,no_mpn,,,componente generico/DNF senza part number ricercabile
demo,HILTOP Motherboard Rev D,C59,DNF,,,Capacitor_SMD:C_0402_1005Metric,1,no_mpn,,,componente generico/DNF senza part number ricercabile
demo,HILTOP Motherboard Rev D,J27,USB_A,,,Devtank_PCB_Lib:USB_A_Vertical_Lumberg_2410_01,1,no_mpn,,,componente generico/DNF senza part number ricercabile
demo,HILTOP Motherboard Rev D,L12,120R,,,6A,1,no_mpn,,,componente generico/DNF senza part number ricercabile
demo,HILTOP Motherboard Rev D,R12 R119 R121 R23 R25 R136 R167 R61 R65 R116 R113 R132 R105 R199 R200 R228 R233 R217 R218 R159 R184 R185 R81 R244 R221 R222 R110 R256 R202,10K,,,Resistor_SMD:R_0603_1608Metric,29,no_mpn,,,componente generico/DNF senza part number ricercabile
demo,HILTOP Motherboard Rev D,R17 R3 R10 R19 R18 R11 R148 R152 R126 R104 R103 R77 R79 R91 R174 R66 R67 R68 R142 R232 R94 R203 R208 R209 R223 R188 R192 R193 R194 R195 R196 R197 R198 R109 R162,0R,,,Resistor_SMD:R_0603_1608Metric,35,no_mpn,,,componente generico/DNF senza part number ricercabile
demo,HILTOP Motherboard Rev D,"R14 R16 R4 R22 R2 R24 R130 R73 R60 R118 R123 R143 R176 R175 R229 R177 R219 R220 R243 R186 R201, R225 R227 R251",DNF,,,Resistor_SMD:R_0603_1608Metric,24,no_mpn,,,componente generico/DNF senza part number ricercabile
demo,HILTOP Motherboard Rev D,R1 R6 R98,1K,,,Resistor_SMD:R_0603_1608Metric,3,no_mpn,,,componente generico/DNF senza part number ricercabile
demo,HILTOP Motherboard Rev D,R5 R7 R56,DNF,,,Resistor_SMD:R_1206_3216Metric,3,no_mpn,,,componente generico/DNF senza part number ricercabile
demo,HILTOP Motherboard Rev D,R120 R93 R131 R70 R71 R231 R230 R224 R226 R111 R106,4K7,,,Resistor_SMD:R_0603_1608Metric,11,no_mpn,,,componente generico/DNF senza part number ricercabile
demo,HILTOP Motherboard Rev D,R122,1K5,,,Resistor_SMD:R_0603_1608Metric,1,no_mpn,,,componente generico/DNF senza part number ricercabile
demo,HILTOP Motherboard Rev D,R124 R74,47K,,,Resistor_SMD:R_0603_1608Metric,2,no_mpn,,,componente generico/DNF senza part number ricercabile
demo,HILTOP Motherboard Rev D,R125,20K,,,Resistor_SMD:R_0603_1608Metric,1,no_mpn,,,componente generico/DNF senza part number ricercabile
demo,HILTOP Motherboard Rev D,R85 R83 R129 R128 R127 R76 R166 R133 R165 R204 R205,330R,,,Resistor_SMD:R_0603_1608Metric,11,no_mpn,,,componente generico/DNF senza part number ricercabile
demo,HILTOP Motherboard Rev D,R149,DNF,,,Resistor_SMD:R_1210_3225Metric,1,no_mpn,,,componente generico/DNF senza part number ricercabile
demo,HILTOP Motherboard Rev D,R8,360R,,,Resistor_SMD:R_1206_3216Metric,1,no_mpn,,,componente generico/DNF senza part number ricercabile
demo,HILTOP Motherboard Rev D,R9,120R,,,Resistor_SMD:R_0603_1608Metric,1,no_mpn,,,componente generico/DNF senza part number ricercabile
demo,HILTOP Motherboard Rev D,R54 R245 R246 R247 R248 R28 R80 R82 R84 R86 R87 R88 R89 R90 R95 R96 R97 R140 R141 R153 R154 R155 R156 R157 R158 R182 R183 R189 R190 R191 R92,220R,,,Resistor_SMD:R_0402_1005Metric,31,no_mpn,,,componente generico/DNF senza part number ricercabile
demo,HILTOP Motherboard Rev D,R20,100K,,,Resistor_SMD:R_0603_1608Metric,1,no_mpn,,,componente generico/DNF senza part number ricercabile
demo,HILTOP Motherboard Rev D,R27 R134,12K,,,Resistor_SMD:R_0603_1608Metric,2,no_mpn,,,componente generico/DNF senza part number ricercabile
demo,HILTOP Motherboard Rev D,R21,1M,,,Resistor_SMD:R_0603_1608Metric,1,no_mpn,,,componente generico/DNF senza part number ricercabile
demo,HILTOP Motherboard Rev D,R34 R49 R50 R72 R53,10K,,,Resistor_SMD:R_0402_1005Metric,5,no_mpn,,,componente generico/DNF senza part number ricercabile
demo,HILTOP Motherboard Rev D,R213 R206 R210 R214 R52 R51 R78 R173 R171 R169,DNF,,,Resistor_SMD:R_0402_1005Metric,10,no_mpn,,,componente generico/DNF senza part number ricercabile
demo,HILTOP Motherboard Rev D,R35 R36 R37 R38 R39 R40 R41 R42 R43 R44 R45 R46 R47 R48 R31 R33 R32 R235 R236 R237 R238 R239 R240 R241 R242,330R,,,Resistor_SMD:R_0402_1005Metric,25,no_mpn,,,componente generico/DNF senza part number ricercabile
demo,HILTOP Motherboard Rev D,R55,8.06K,,,Resistor_SMD:R_0603_1608Metric,1,no_mpn,,,componente generico/DNF senza part number ricercabile
demo,HILTOP Motherboard Rev D,R135 R137 R138 R139 R144 R145 R146 R147 R64,51R,,,Resistor_SMD:R_0603_1608Metric,9,no_mpn,,,componente generico/DNF senza part number ricercabile
demo,HILTOP Motherboard Rev D,R100 R101 R99 R102,100K,,,Resistor_SMD:R_0402_1005Metric,4,no_mpn,,,componente generico/DNF senza part number ricercabile
demo,HILTOP Motherboard Rev D,R13 R15 R29 R26 R107,2K2,,,Resistor_SMD:R_0603_1608Metric,5,no_mpn,,,componente generico/DNF senza part number ricercabile
demo,HILTOP Motherboard Rev D,R178 R179 R180 R181,100R,,,Resistor_SMD:R_0402_1005Metric,4,no_mpn,,,componente generico/DNF senza part number ricercabile
demo,HILTOP Motherboard Rev D,R108 R114 R215 R216,470R,,,Resistor_SMD:R_0603_1608Metric,4,no_mpn,,,componente generico/DNF senza part number ricercabile
demo,HILTOP Motherboard Rev D,R160,30.1K,,,Resistor_SMD:R_0603_1608Metric,1,no_mpn,,,componente generico/DNF senza part number ricercabile
demo,HILTOP Motherboard Rev D,R161 R164,22.1K,,,Resistor_SMD:R_0603_1608Metric,2,no_mpn,,,componente generico/DNF senza part number ricercabile
demo,HILTOP Motherboard Rev D,R163,12.7K,,,Resistor_SMD:R_0603_1608Metric,1,no_mpn,,,componente generico/DNF senza part number ricercabile
demo,HILTOP Motherboard Rev D,R63,0R,,,Resistor_SMD:R_1206_3216Metric,1,no_mpn,,,componente generico/DNF senza part number ricercabile
demo,HILTOP Motherboard Rev D,R59,18K,,,Resistor_SMD:R_0603_1608Metric,1,no_mpn,,,componente generico/DNF senza part number ricercabile
demo,HILTOP Motherboard Rev D,R58,30K,,,Resistor_SMD:R_0603_1608Metric,1,no_mpn,,,componente generico/DNF senza part number ricercabile
demo,HILTOP Motherboard Rev D,R57,75K,,,Resistor_SMD:R_0603_1608Metric,1,no_mpn,,,componente generico/DNF senza part number ricercabile
demo,HILTOP Motherboard Rev D,R75,3K3,,,Resistor_SMD:R_0603_1608Metric,1,no_mpn,,,componente generico/DNF senza part number ricercabile
demo,HILTOP Motherboard Rev D,R112,3.16K,,,Resistor_SMD:R_0603_1608Metric,1,no_mpn,,,componente generico/DNF senza part number ricercabile
demo,HILTOP Motherboard Rev D,R117,47R,,,Resistor_SMD:R_0603_1608Metric,1,no_mpn,,,componente generico/DNF senza part number ricercabile
demo,HILTOP Motherboard Rev D,R115,2K,,,Resistor_SMD:R_0603_1608Metric,1,no_mpn,,,componente generico/DNF senza part number ricercabile
demo,HILTOP Motherboard Rev D,R62,820R,,,Resistor_SMD:R_0603_1608Metric,1,no_mpn,,,componente generico/DNF senza part number ricercabile
demo,HILTOP Motherboard Rev D,R234,90.9K,,,Resistor_SMD:R_0603_1608Metric,1,no_mpn,,,componente generico/DNF senza part number ricercabile
demo,HILTOP Motherboard Rev D,R211 R207 R212 R250 R168 R170 R172,0R,,,Resistor_SMD:R_0402_1005Metric,7,no_mpn,,,componente generico/DNF senza part number ricercabile
demo,HILTOP Motherboard Rev D,R187,0R,,,Resistor_SMD:R_0805_2012Metric,1,no_mpn,,,componente generico/DNF senza part number ricercabile
demo,HILTOP Motherboard Rev D,TP8 TP9 TP10 TP12 TP14 TP13 TP11 TP51 TP52 TP53 TP54 TP92 TP93 TP67 TP68 TP69 TP70 TP71 TP72 TP73 TP74 TP75 TP76 TP77 TP78 TP79 TP80 TP81 TP82 TP83 TP84 TP85 TP86 TP87 TP88 TP89 TP90 TP91 TP55 TP56 TP57 TP58 TP59 TP60 TP61 TP62 TP63 TP64 TP65 TP66 TP33 TP34 TP38 TP39 TP43 TP44 TP45 TP46 TP47 TP48 TP49 TP50 TP17 TP18 TP19 TP94 TP20 TP21 TP22 TP23 TP24 TP25 TP26 TP27 TP28 TP29 TP30 TP31 TP32 TP15 TP16 TP41 TP42 TP40 TP37 TP36 TP35 TP2 TP1 TP3 TP4 TP6 TP5 TP7 TP95,TP,,,TestPoint:TestPoint_THTPad_D1.0mm_Drill0.5mm,95,no_mpn,,,componente generico/DNF senza part number ricercabile
demo,HILTOP Motherboard Rev D,Y1,24Mhz Xtal,AEL CRYSTALS,X24M000000S050,Crystal:Crystal_SMD_Abracon_ABM8G-4Pin_3.2x2.5mm,1,reference,,,nessun MDF pubblico deterministico; richiedere la dichiarazione al produttore o usare la pagina di conformita'
demo,HILTOP Motherboard Rev D,C30 C33 C151 C132,18pF,AVX,04025A180JAT2A,Capacitor_SMD:C_0402_1005Metric,4,reference,,https://connect.kyocera-avx.com/compliance/,nessun MDF pubblico deterministico; richiedere la dichiarazione al produttore o usare la pagina di conformita'
demo,HILTOP Motherboard Rev D,C197 C198 C199 C200,10nF,AVX,04025C103KAT2A,Capacitor_SMD:C_0402_1005Metric,4,reference,,https://connect.kyocera-avx.com/compliance/,nessun MDF pubblico deterministico; richiedere la dichiarazione al produttore o usare la pagina di conformita'
demo,HILTOP Motherboard Rev D,C48 C47,12pF,AVX,06035A120JAT2A,Capacitor_SMD:C_0603_1608Metric,2,reference,,https://connect.kyocera-avx.com/compliance/,nessun MDF pubblico deterministico; richiedere la dichiarazione al produttore o usare la pagina di conformita'
demo,HILTOP Motherboard Rev D,C53 C162 C159 C164 C166 C161 C158 C163 C165 C72 C202 C220 C240 C71 C73 C214 C239,47pF,AVX,06035A470JAT2A,Capacitor_SMD:C_0603_1608Metric,17,reference,,https://connect.kyocera-avx.com/compliance/,nessun MDF pubblico deterministico; richiedere la dichiarazione al produttore o usare la pagina di conformita'
demo,HILTOP Motherboard Rev D,C101 C154 C43 C46,470pF,AVX,06035A471JAT2A,Capacitor_SMD:C_0603_1608Metric,4,reference,,https://connect.kyocera-avx.com/compliance/,nessun MDF pubblico deterministico; richiedere la dichiarazione al produttore o usare la pagina di conformita'
demo,HILTOP Motherboard Rev D,C69,470nF,AVX,08051C474K4Z2A,Capacitor_SMD:C_0805_2012Metric,1,reference,,https://connect.kyocera-avx.com/compliance/,nessun MDF pubblico deterministico; richiedere la dichiarazione al produttore o usare la pagina di conformita'
demo,HILTOP Motherboard Rev D,C170 C172,10uF,AVX,0805YD106KAT2A,Capacitor_SMD:C_0805_2012Metric,2,reference,,https://connect.kyocera-avx.com/compliance/,nessun MDF pubblico deterministico; richiedere la dichiarazione al produttore o usare la pagina di conformita'
demo,HILTOP Motherboard Rev D,C65 C181 C182 C183,4.7uF,AVX,12105C475KAT2A,Capacitor_SMD:C_1210_3225Metric,4,reference,,https://connect.kyocera-avx.com/compliance/,nessun MDF pubblico deterministico; richiedere la dichiarazione al produttore o usare la pagina di conformita'
demo,HILTOP Motherboard Rev D,Y2,25MHz Crystal,ABRACON,ABM8G-25.000MHZ-18-D2Y-T,Crystal:Crystal_SMD_SeikoEpson_FA238V-4Pin_3.2x2.5mm,1,reference,,https://abracon.com/support/rohs-reach/,nessun MDF pubblico deterministico; richiedere la dichiarazione al produttore o usare la pagina di conformita'
demo,HILTOP Motherboard Rev D,U38,AT25DN512CSSHF-B,ADESTO,AT25DN512C-SSHF-B,Package_SO:SOIC-8_3.9x4.9mm_P1.27mm,1,reference,,https://www.renesas.com/en/about/resources/environmental,nessun MDF pubblico deterministico; richiedere la dichiarazione al produttore o usare la pagina di conformita'
demo,HILTOP Motherboard Rev D,J13,DDR2_SODIMM_COMPUTE_MODULE_3,AMP-TE,1565917-4,Devtank_PCB_Lib:Conn_TE-DDR2-SODIMM-0.6-200P-ComputeModule,1,reference,,,nessun MDF pubblico deterministico; richiedere la dichiarazione al produttore o usare la pagina di conformita'
demo,HILTOP Motherboard Rev D,J10,HDMI,AMPHENOL,47151-1051,Devtank_PCB_Lib:FCI_10029449-11RLF,1,reference,,https://www.amphenol.com/environmental-resources,nessun MDF pubblico deterministico; richiedere la dichiarazione al produttore o usare la pagina di conformita'
demo,HILTOP Motherboard Rev D,J26,IO_EXP,AMPHENOL,T821112A1S100CEU,Connector_IDC:IDC-Header_2x06_P2.54mm_Vertical,1,reference,,https://www.amphenol.com/environmental-resources,nessun MDF pubblico deterministico; richiedere la dichiarazione al produttore o usare la pagina di conformita'
demo,HILTOP Motherboard Rev D,EXP1 EXP2,CONN_02X20,AMPHENOL,T821140A1S100CEU,Connector_IDC:IDC-Header_2x20_P2.54mm_Vertical,2,reference,,https://www.amphenol.com/environmental-resources,nessun MDF pubblico deterministico; richiedere la dichiarazione al produttore o usare la pagina di conformita'
demo,HILTOP Motherboard Rev D,J24,HILTOP_PCIE-64_CONN,AMPHENOL FCI,10018783-11111TLF,Devtank_PCB_Lib:PCIE-064-02-X-D-TH,1,reference,,,nessun MDF pubblico deterministico; richiedere la dichiarazione al produttore o usare la pagina di conformita'
demo,HILTOP Motherboard Rev D,U34 U33,ADuM1201,ANALOG DEVICES,ADUM1201ARZ,Package_SOIC:SOIC-8_3.9x4.9mm_P1.27mm,2,reference,,https://www.analog.com/en/about-adi/quality/environmental-compliance.html,nessun MDF pubblico deterministico; richiedere la dichiarazione al produttore o usare la pagina di conformita'
demo,HILTOP Motherboard Rev D,F1,PPTC 3.8A,BOURNS INC,MF-RHT200/32-2,Fuse:Fuse_Bourns_MF-RHT200,1,reference,,https://www.bourns.com/support/rohs-compliance,nessun MDF pubblico deterministico; richiedere la dichiarazione al produttore o usare la pagina di conformita'
demo,HILTOP Motherboard Rev D,L4,10uH,COILCRAFT,SER2814H-103,Devtank_PCB_Lib:Inductor_Coilcraft_SER2800,1,reference,,https://www.coilcraft.com/en-us/resources/quality/,nessun MDF pubblico deterministico; richiedere la dichiarazione al produttore o usare la pagina di conformita'
demo,HILTOP Motherboard Rev D,D34 D35 D93 D94 D95 D38 D39 D40 D41 D42 D43 D44 D45 D47 D48 D49 D46 D50 D51 D55 D56 D57 D54 D58 D59 D60 D61 D63 D64 D65 D62 D76 D68 D74 D75 D8 D10 D7 D9,BAV99,DIODES INC,BAV99,Package_TO_SOT_SMD:SOT-23,39,reference,,,nessun MDF pubblico deterministico; richiedere la dichiarazione al produttore o usare la pagina di conformita'
demo,HILTOP Motherboard Rev D,Q5 Q6 Q7,ZXMN6A07F,DIODES INC,ZXMN6A07FTA,Package_TO_SOT_SMD:SOT-23,3,reference,,,nessun MDF pubblico deterministico; richiedere la dichiarazione al produttore o usare la pagina di conformita'
demo,HILTOP Motherboard Rev D,Y4,32.768kHz,ECS,ECS-.327-6-34QN-TR,Crystal:Crystal_SMD_EuroQuartz_EQ161-2Pin_3.2x1.5mm,1,reference,,https://ecsxtal.com/support/env-compliance/,nessun MDF pubblico deterministico; richiedere la dichiarazione al produttore o usare la pagina di conformita'
demo,HILTOP Motherboard Rev D,Y5 Y6 Y7,40MHz Crystal,EPSON,X1E0000210177 TSX-3225,Crystal:Crystal_SMD_SeikoEpson_FA238V-4Pin_3.2x2.5mm,3,reference,,https://global.epson.com/company/environment/,nessun MDF pubblico deterministico; richiedere la dichiarazione al produttore o usare la pagina di conformita'
demo,HILTOP Motherboard Rev D,C131 C177,10nF,KEMET,C0603C103K5RACTU,Capacitor_SMD:C_0603_1608Metric,2,family_mcd,test_data/mdf/MCD-Ceramic.pdf,https://yageogroup.com/About/Sustainability/Environment/KemetFocus,"Material Composition Declaration per-serie (MCD-Ceramic.pdf) — materials di famiglia, non per singolo part"
demo,HILTOP Motherboard Rev D,C8 C22 C26 C25 C24 C12 C14 C17 C121 C5 C19 C15 C20 C50 C75 C77 C55 C243 C23 C123 C124 C125 C126 C127 C128 C152 C85 C86 C87 C88 C89 C90 C91 C92 C93 C94 C95 C236 C106 C109 C96 C97 C49 C66 C57 C60 C64 C118 C117 C180 C194 C187 C191 C192 C188 C189 C193 C190 C184 C185 C155 C98 C156 C99 C157 C160 C129 C122 C215 C223 C216 C218 C205 C207 C209 C211 C212 C213 C203 C201 C208 C210 C219 C225 C82 C80 C81 C83 C234 C226 C232 C230 C235 C228 C233 C231 C110 C143 C146 C149 C140 C137 C135 C144 C147 C150 C141 C138 C136 C142 C145 C148 C139 C173 C169 C244,100nF,KEMET,C0603C104M5RACTU,Capacitor_SMD:C_0603_1608Metric,116,family_mcd,test_data/mdf/MCD-Ceramic.pdf,https://yageogroup.com/About/Sustainability/Environment/KemetFocus,"Material Composition Declaration per-serie (MCD-Ceramic.pdf) — materials di famiglia, non per singolo part"
demo,HILTOP Motherboard Rev D,C54,330pF,KEMET,C0603C331J5GACTU,Capacitor_SMD:C_0201_0603Metric,1,family_mcd,test_data/mdf/MCD-Ceramic.pdf,https://yageogroup.com/About/Sustainability/Environment/KemetFocus,"Material Composition Declaration per-serie (MCD-Ceramic.pdf) — materials di famiglia, non per singolo part"
demo,HILTOP Motherboard Rev D,C178 C84 C102 C78 C44,2.2uF,KEMET,C0805C225K4RACAUTO,Capacitor_SMD:C_0805_2012Metric,5,family_mcd,test_data/mdf/MCD-Ceramic.pdf,https://yageogroup.com/About/Sustainability/Environment/KemetFocus,"Material Composition Declaration per-serie (MCD-Ceramic.pdf) — materials di famiglia, non per singolo part"
demo,HILTOP Motherboard Rev D,C221 C222 C196 C133 C134 C174 C168,22uF,KEMET,C1206C226M8RACTU,Capacitor_SMD:C_1206_3216Metric,7,family_mcd,test_data/mdf/MCD-Ceramic.pdf,https://yageogroup.com/About/Sustainability/Environment/KemetFocus,"Material Composition Declaration per-serie (MCD-Ceramic.pdf) — materials di famiglia, non per singolo part"
demo,HILTOP Motherboard Rev D,BT1,Battery_Cell,KEYSTONE,1061,Devtank_PCB_Lib:BatteryHolder_Keystone_1061_1x20mm,1,reference,,,nessun MDF pubblico deterministico; richiedere la dichiarazione al produttore o usare la pagina di conformita'
demo,HILTOP Motherboard Rev D,F3 F2,Polyfuse,LITTLEFUSE,1206L050/15YR,Fuse:Fuse_1206_3216Metric,2,reference,,,nessun MDF pubblico deterministico; richiedere la dichiarazione al produttore o usare la pagina di conformita'
demo,HILTOP Motherboard Rev D,U5 U6 U14 U47 U40,SP3003-02XJ,LITTLEFUSE,SP3003-02JTG,Devtank_PCB_Lib:SC70-5,5,reference,,,nessun MDF pubblico deterministico; richiedere la dichiarazione al produttore o usare la pagina di conformita'
demo,HILTOP Motherboard Rev D,J4,USB_A_DOUBLE,LUMBERG,2410 03,Devtank_PCB_Lib:USB_A_Double_Lumberg_2410_03,1,reference,,,nessun MDF pubblico deterministico; richiedere la dichiarazione al produttore o usare la pagina di conformita'
demo,HILTOP Motherboard Rev D,J18,USB_B,LUMBERG,2411 02,Connector_USB:USB_B_Horizontal,1,reference,,,nessun MDF pubblico deterministico; richiedere la dichiarazione al produttore o usare la pagina di conformita'
demo,HILTOP Motherboard Rev D,U24,MAX16054,MAXIM,MAX16054,Package_TO_SOT_SMD:TSOT-23-6,1,reference,,https://www.analog.com/en/about-adi/quality/environmental-compliance.html,nessun MDF pubblico deterministico; richiedere la dichiarazione al produttore o usare la pagina di conformita'
demo,HILTOP Motherboard Rev D,U43 U44,MAX3107,MAXIM,MAX3107EAG+,Package_SO:SSOP-24_5.3x8.2mm_P0.65mm,2,reference,,https://www.analog.com/en/about-adi/quality/environmental-compliance.html,nessun MDF pubblico deterministico; richiedere la dichiarazione al produttore o usare la pagina di conformita'
demo,HILTOP Motherboard Rev D,U42,24LC512,MICROCHIP,24LC512,Package_SO:SOIC-8_3.9x4.9mm_P1.27mm,1,reference,,https://www.microchip.com/en-us/support/quality-and-environmental-compliance,nessun MDF pubblico deterministico; richiedere la dichiarazione al produttore o usare la pagina di conformita'
demo,HILTOP Motherboard Rev D,U45,93AAxxA,MICROCHIP,93AA66A-I/SN,Package_SO:SOIC-8_3.9x4.9mm_P1.27mm,1,reference,,https://www.microchip.com/en-us/support/quality-and-environmental-compliance,nessun MDF pubblico deterministico; richiedere la dichiarazione al produttore o usare la pagina di conformita'
demo,HILTOP Motherboard Rev D,U7,LAN7500,MICROCHIP,LAN7500,Devtank_PCB_Lib:QFN-56_8x8mm_Pitch0.5mm,1,reference,,https://www.microchip.com/en-us/support/quality-and-environmental-compliance,nessun MDF pubblico deterministico; richiedere la dichiarazione al produttore o usare la pagina di conformita'
demo,HILTOP Motherboard Rev D,D19,LM4040,MICROCHIP,LM4040CYM3-2.5,Package_TO_SOT_SMD:SOT-23,1,reference,,https://www.microchip.com/en-us/support/quality-and-environmental-compliance,nessun MDF pubblico deterministico; richiedere la dichiarazione al produttore o usare la pagina di conformita'
demo,HILTOP Motherboard Rev D,U39,MCP23017,MICROCHIP,MCP23017,Package_SO:SSOP-28_5.3x10.2mm_P0.65mm,1,reference,,https://www.microchip.com/en-us/support/quality-and-environmental-compliance,nessun MDF pubblico deterministico; richiedere la dichiarazione al produttore o usare la pagina di conformita'
demo,HILTOP Motherboard Rev D,U12,MCP4725,MICROCHIP,MCP4725A0T-E/CH,Package_TO_SOT_SMD:SOT-23-6,1,reference,,https://www.microchip.com/en-us/support/quality-and-environmental-compliance,nessun MDF pubblico deterministico; richiedere la dichiarazione al produttore o usare la pagina di conformita'
demo,HILTOP Motherboard Rev D,U2 U4,MIC2026-1YM,MICROCHIP,MIC2026-1YM,Package_SOIC:SOIC-8_3.9x4.9mm_P1.27mm,2,reference,,https://www.microchip.com/en-us/support/quality-and-environmental-compliance,nessun MDF pubblico deterministico; richiedere la dichiarazione al produttore o usare la pagina di conformita'
demo,HILTOP Motherboard Rev D,U3,USB2517,MICROCHIP,USB2517-JZX,Devtank_PCB_Lib:QFN-64-1EP_9x9mm_P0.5mm_EP4.7x4.7mm,1,reference,,https://www.microchip.com/en-us/support/quality-and-environmental-compliance,nessun MDF pubblico deterministico; richiedere la dichiarazione al produttore o usare la pagina di conformita'
demo,HILTOP Motherboard Rev D,J8,EXT_TEMP_MON,MOLEX,22-27-2031,Connector_Molex:Molex_KK-254_AE-6410-03A_1x03_P2.54mm_Vertical,1,reference,,https://www.molex.com/en-us/company/compliance,nessun MDF pubblico deterministico; richiedere la dichiarazione al produttore o usare la pagina di conformita'
demo,HILTOP Motherboard Rev D,J11,DISP_PWR,MOLEX,22-27-2051,Connector_Molex:Molex_KK-254_AE-6410-05A_1x05_P2.54mm_Vertical,1,reference,,https://www.molex.com/en-us/company/compliance,nessun MDF pubblico deterministico; richiedere la dichiarazione al produttore o usare la pagina di conformita'
demo,HILTOP Motherboard Rev D,J21 J23,EXT_FAN,MOLEX,47053-1000,Connector_Molex:Molex_KK-254_AE-6410-04A_1x04_P2.54mm_Vertical,2,reference,,https://www.molex.com/en-us/company/compliance,nessun MDF pubblico deterministico; richiedere la dichiarazione al produttore o usare la pagina di conformita'
demo,HILTOP Motherboard Rev D,J3,SATA,MOLEX,47155-4001,Connector:SATA-7_THT_VERT_1,1,reference,,https://www.molex.com/en-us/company/compliance,nessun MDF pubblico deterministico; richiedere la dichiarazione al produttore o usare la pagina di conformita'
demo,HILTOP Motherboard Rev D,J5,USB FRONT PANEL,MOLEX,90325-0008,Connector_Molex:Molex_Picoflex_90325-0008_2x04_P1.27mm_Vertical,1,reference,,https://www.molex.com/en-us/company/compliance,nessun MDF pubblico deterministico; richiedere la dichiarazione al produttore o usare la pagina di conformita'
demo,HILTOP Motherboard Rev D,J6,CAN,MOLEX,90325-0010,Connector_Molex:Molex_Picoflex_90325-0010_2x05_P1.27mm_Vertical,1,reference,,https://www.molex.com/en-us/company/compliance,nessun MDF pubblico deterministico; richiedere la dichiarazione al produttore o usare la pagina di conformita'
demo,HILTOP Motherboard Rev D,J7,RS485,MOLEX,90325-0016,Connector_Molex:Molex_Picoflex_90325-0016_2x08_P1.27mm_Vertical,1,reference,,https://www.molex.com/en-us/company/compliance,nessun MDF pubblico deterministico; richiedere la dichiarazione al produttore o usare la pagina di conformita'
demo,HILTOP Motherboard Rev D,U29 U32 U13 U17,CME0505S3C,MURATA,CME0505S3C,Devtank_PCB_Lib:CME_XXXX_S3C_PSU_MODULE,4,reference,,https://www.murata.com/en-us/support/regulation,nessun MDF pubblico deterministico; richiedere la dichiarazione al produttore o usare la pagina di conformita'
demo,HILTOP Motherboard Rev D,C4 C10 C119 C6,10uF,MULTICOMP,MCVKZ050M100EA1L,Capacitor_SMD:CP_Elec_6.3x5.3,4,reference,,https://export.farnell.com/,nessun MDF pubblico deterministico; richiedere la dichiarazione al produttore o usare la pagina di conformita'
demo,HILTOP Motherboard Rev D,C9 C11 C16 C120,4.7uF,MULTICOMP,MCVKZ050M4R7DA1L,Capacitor_SMD:CP_Elec_5x5.3,4,reference,,https://export.farnell.com/,nessun MDF pubblico deterministico; richiedere la dichiarazione al produttore o usare la pagina di conformita'
demo,HILTOP Motherboard Rev D,U26,LM75B,NXP,LM75BD,Package_SO:SOIC-8_3.9x4.9mm_P1.27mm,1,reference,,https://www.nxp.com/support/documents/quality/environmental-information:ENVTQ,nessun MDF pubblico deterministico; richiedere la dichiarazione al produttore o usare la pagina di conformita'
demo,HILTOP Motherboard Rev D,Q3 Q4,2N7002,NEXPERIA,2N7002,Package_TO_SOT_SMD:SOT-23,2,reference,,https://www.nexperia.com/about/quality/environmental-information.html,nessun MDF pubblico deterministico; richiedere la dichiarazione al produttore o usare la pagina di conformita'
demo,HILTOP Motherboard Rev D,U48,74LVC1G3157,NEXPERIA,"74LVC1G3157GV,125",Package_SO:TSOP-6_1.65x3.05mm_P0.95mm,1,reference,,https://www.nexperia.com/about/quality/environmental-information.html,nessun MDF pubblico deterministico; richiedere la dichiarazione al produttore o usare la pagina di conformita'
demo,HILTOP Motherboard Rev D,U1,LM337BD2TG,ON SEMICONDUCTOR,LM337D2TG,Package_TO_SOT_SMD:TO-263-2,1,reference,,https://www.onsemi.com/design/support/quality/environmental,nessun MDF pubblico deterministico; richiedere la dichiarazione al produttore o usare la pagina di conformita'
demo,HILTOP Motherboard Rev D,D66,MBR230LSFT,ON SEMICONDUCTOR,MBR230LSFT1G,Diode_SMD:D_SOD-123F,1,reference,,https://www.onsemi.com/design/support/quality/environmental,nessun MDF pubblico deterministico; richiedere la dichiarazione al produttore o usare la pagina di conformita'
demo,HILTOP Motherboard Rev D,D37 D36,NUP2105L,ON SEMICONDUCTOR,NUP2105LT1G,Package_TO_SOT_SMD:SOT-23,2,reference,,https://www.onsemi.com/design/support/quality/environmental,nessun MDF pubblico deterministico; richiedere la dichiarazione al produttore o usare la pagina di conformita'
demo,HILTOP Motherboard Rev D,D6,MBRD1035,ON SEMICONDUCTOR,MBRD1035CTL,Devtank_PCB_Lib:DPAK,1,reference,,https://www.onsemi.com/design/support/quality/environmental,nessun MDF pubblico deterministico; richiedere la dichiarazione al produttore o usare la pagina di conformita'
demo,HILTOP Motherboard Rev D,C3 C18 C7 C13 C2 C241 C242 C67 C186 C70 C79,100uF,PANASONIC,EEEFTH101XAP,Capacitor_SMD:CP_Elec_6.3x7.7,11,reference,,https://industrial.panasonic.com/ww/eco/compliance,nessun MDF pubblico deterministico; richiedere la dichiarazione al produttore o usare la pagina di conformita'
demo,HILTOP Motherboard Rev D,FL2 FL1,PE-1812ACC510STS,PULSE ELECTRONICS,PE-1812ACC510STS,Devtank_PCB_Lib:Inductor_PE-1812ACCXXXSTS,2,reference,,https://www.pulseelectronics.com/about-us/quality,nessun MDF pubblico deterministico; richiedere la dichiarazione al produttore o usare la pagina di conformita'
demo,HILTOP Motherboard Rev D,D12 D14 D16 D25 D27 D29 D31,YEL,ROHM SEMICONDUCTOR,SML-P11MTT86R,LED_SMD:LED_0402_1005Metric,7,reference,,,nessun MDF pubblico deterministico; richiedere la dichiarazione al produttore o usare la pagina di conformita'
demo,HILTOP Motherboard Rev D,D2 D4 D3,RED,ROHM SEMICONDUCTOR,SML-P12VTT86R,LED_SMD:LED_0402_1005Metric,3,reference,,,nessun MDF pubblico deterministico; richiedere la dichiarazione al produttore o usare la pagina di conformita'
demo,HILTOP Motherboard Rev D,D1 D11 D13 D15 D17 D26 D28 D30 D23 D22 D21 D18 D85 D86 D87 D88 D89 D90 D91 D92 D32 D33,GRN,ROHM SEMICONDUCTOR,SML-P13PTT86R,LED_SMD:LED_0402_1005Metric,22,reference,,,nessun MDF pubblico deterministico; richiedere la dichiarazione al produttore o usare la pagina di conformita'
demo,HILTOP Motherboard Rev D,D67 D53,SM6T15A,STMICROELECTRONICS,SM6T15A,Diode_SMD:D_SMB,2,reference,,https://www.st.com/en/about-us/environmental-information.html,nessun MDF pubblico deterministico; richiedere la dichiarazione al produttore o usare la pagina di conformita'
demo,HILTOP Motherboard Rev D,D69,SM6T6V8A,STMICROELECTRONICS,SM6T6V8A,Diode_SMD:D_SMB,1,reference,,https://www.st.com/en/about-us/environmental-information.html,nessun MDF pubblico deterministico; richiedere la dichiarazione al produttore o usare la pagina di conformita'
demo,HILTOP Motherboard Rev D,D52,SMLVT3V3,STMICROELECTRONICS,SMLVT3V3,Diode_SMD:D_SMB,1,reference,,https://www.st.com/en/about-us/environmental-information.html,nessun MDF pubblico deterministico; richiedere la dichiarazione al produttore o usare la pagina di conformita'
demo,HILTOP Motherboard Rev D,U25,STM6719SFWB6F,STMICROELECTRONICS,STM6719SFWB6F,Package_TO_SOT_SMD:TSOT-23-6,1,reference,,https://www.st.com/en/about-us/environmental-information.html,nessun MDF pubblico deterministico; richiedere la dichiarazione al produttore o usare la pagina di conformita'
demo,HILTOP Motherboard Rev D,D24 D20,STPS1L30,STMICROELECTRONICS,STPS1L30,Diodes_SMD:D_SMB,2,reference,,https://www.st.com/en/about-us/environmental-information.html,nessun MDF pubblico deterministico; richiedere la dichiarazione al produttore o usare la pagina di conformita'
demo,HILTOP Motherboard Rev D,U18 U19 U20 U21,USB6B1,STMICROELECTRONICS,USB6B1RL,Package_SOIC:SOIC-8_3.9x4.9mm_P1.27mm,4,reference,,https://www.st.com/en/about-us/environmental-information.html,nessun MDF pubblico deterministico; richiedere la dichiarazione al produttore o usare la pagina di conformita'
demo,HILTOP Motherboard Rev D,U41,CP2102N-A01-GQFN24,SILICON LABS,CP2102N-A01-GQFN24,Package_DFN_QFN:QFN-24-1EP_4x4mm_P0.5mm_EP2.6x2.6mm_ThermalVias,1,reference,,https://www.silabs.com/environmental,nessun MDF pubblico deterministico; richiedere la dichiarazione al produttore o usare la pagina di conformita'
demo,HILTOP Motherboard Rev D,J9,RJ45-TRANS_SI-61001-F,STEWART,SI-61001-F,Devtank_PCB_Lib:RJ45_TRANSFO_STEWART,1,reference,,,nessun MDF pubblico deterministico; richiedere la dichiarazione al produttore o usare la pagina di conformita'
demo,HILTOP Motherboard Rev D,R69,0.015,SUSUMU,RL7520WT-R015-F,Devtank_PCB_Lib:RL7520W_3008,1,reference,,https://www.susumu.co.jp/english/environment/,nessun MDF pubblico deterministico; richiedere la dichiarazione al produttore o usare la pagina di conformita'
demo,HILTOP Motherboard Rev D,C51 C32 C35 C28 C39 C34 C31 C36 C38 C40 C41 C52,100nF,TDK,C1005X7R1H104M050BB,Capacitor_SMD:C_0402_1005Metric,12,reference,,https://product.tdk.com/en/environment/index.html,nessun MDF pubblico deterministico; richiedere la dichiarazione al produttore o usare la pagina di conformita'
demo,HILTOP Motherboard Rev D,C103 C105 C104 C108 C206 C204,9pF,TDK,C1608C0G1H090C080AA,Capacitor_SMD:C_0603_1608Metric,6,reference,,https://product.tdk.com/en/environment/index.html,nessun MDF pubblico deterministico; richiedere la dichiarazione al produttore o usare la pagina di conformita'
demo,HILTOP Motherboard Rev D,L1 L2 L3 L8,22uH,TDK,VLP8040T-220M,Devtank_PCB_Lib:Inductor_8x8,4,reference,,https://product.tdk.com/en/environment/index.html,nessun MDF pubblico deterministico; richiedere la dichiarazione al produttore o usare la pagina di conformita'
demo,HILTOP Motherboard Rev D,L10,2.2uH,TDK,VLP8040T-2R2N,Devtank_PCB_Lib:Inductor_8x8,1,reference,,https://product.tdk.com/en/environment/index.html,nessun MDF pubblico deterministico; richiedere la dichiarazione al produttore o usare la pagina di conformita'
demo,HILTOP Motherboard Rev D,L9,3.3uH,TDK,VLP8040T-3R3N,Devtank_PCB_Lib:Inductor_8x8,1,reference,,https://product.tdk.com/en/environment/index.html,nessun MDF pubblico deterministico; richiedere la dichiarazione al produttore o usare la pagina di conformita'
demo,HILTOP Motherboard Rev D,RL1,SPST-NO,TE-CONNECTIVITY,PCH-112L2MH,Devtank_PCB_Lib:Relay_SPST_TE_PCH,1,reference,,,nessun MDF pubblico deterministico; richiedere la dichiarazione al produttore o usare la pagina di conformita'
demo,HILTOP Motherboard Rev D,Y8 Y9,3.6864MHz Crystal,TXC,9C-3.6864MAAJ-T,Crystal:Crystal_SMD_SeikoEpson_MA505-2Pin_12.7x5.1mm,2,reference,,https://www.txccrystal.com/quality,nessun MDF pubblico deterministico; richiedere la dichiarazione al produttore o usare la pagina di conformita'
demo,HILTOP Motherboard Rev D,U11,ADS1015,TEXAS INSTRUMENTS,ADS1015IDGST,Package_SSOP:TSSOP-10_3x3mm_P0.5mm,1,reference,,https://www.ti.com/materialcontent/home,nessun MDF pubblico deterministico; richiedere la dichiarazione al produttore o usare la pagina di conformita'
demo,HILTOP Motherboard Rev D,U22,BQ32000,TEXAS INSTRUMENTS,BQ32000DR,Package_SO:SOIC-8_3.9x4.9mm_P1.27mm,1,reference,,https://www.ti.com/materialcontent/home,nessun MDF pubblico deterministico; richiedere la dichiarazione al produttore o usare la pagina di conformita'
demo,HILTOP Motherboard Rev D,U9,INA250A3,TEXAS INSTRUMENTS,INA250A3PWR,Package_SSOP:TSSOP-16_4.4x5mm_P0.65mm,1,reference,,https://www.ti.com/materialcontent/home,nessun MDF pubblico deterministico; richiedere la dichiarazione al produttore o usare la pagina di conformita'
demo,HILTOP Motherboard Rev D,U15 U16,ISO3080,TEXAS INSTRUMENTS,ISO3080DW,Package_SOIC:SOIC-16W_7.5x10.3mm_P1.27mm,2,reference,,https://www.ti.com/materialcontent/home,nessun MDF pubblico deterministico; richiedere la dichiarazione al produttore o usare la pagina di conformita'
demo,HILTOP Motherboard Rev D,U8,LM5118,TEXAS INSTRUMENTS,LM5118MH,Package_SSOP:HTSSOP-20-1EP_4.4x6.5mm_P0.65mm_ThermalPad,1,reference,,https://www.ti.com/materialcontent/home,nessun MDF pubblico deterministico; richiedere la dichiarazione al produttore o usare la pagina di conformita'
demo,HILTOP Motherboard Rev D,U28,LP2985,TEXAS INSTRUMENTS,LP2985-25DBVR,Package_TO_SOT_SMD:SOT-23-5,1,reference,,https://www.ti.com/materialcontent/home,nessun MDF pubblico deterministico; richiedere la dichiarazione al produttore o usare la pagina di conformita'
demo,HILTOP Motherboard Rev D,U31 U30,MCP2517FD,TEXAS INSTRUMENTS,MCP2517FD-H/SL,Package_SOIC:SOIC-14_3.9x8.7mm_P1.27mm,2,reference,,https://www.ti.com/materialcontent/home,nessun MDF pubblico deterministico; richiedere la dichiarazione al produttore o usare la pagina di conformita'
demo,HILTOP Motherboard Rev D,U36 U35,MCP2561FD,TEXAS INSTRUMENTS,MCP2561FD-E/SN,Package_SOIC:SOIC-8_3.9x4.9mm_P1.27mm,2,reference,,https://www.ti.com/materialcontent/home,nessun MDF pubblico deterministico; richiedere la dichiarazione al produttore o usare la pagina di conformita'
demo,HILTOP Motherboard Rev D,U10,TLC271,TEXAS INSTRUMENTS,TLC271ACDG4,Package_SOIC:SOIC-8_3.9x4.9mm_P1.27mm,1,reference,,https://www.ti.com/materialcontent/home,nessun MDF pubblico deterministico; richiedere la dichiarazione al produttore o usare la pagina di conformita'
demo,HILTOP Motherboard Rev D,U23,TPD12S016,TEXAS INSTRUMENTS,TPD12S016,Package_SSOP:TSSOP-24_4.4x7.8mm_P0.65mm,1,reference,,https://www.ti.com/materialcontent/home,nessun MDF pubblico deterministico; richiedere la dichiarazione al produttore o usare la pagina di conformita'
demo,HILTOP Motherboard Rev D,U27,TPS54394,TEXAS INSTRUMENTS,TPS54394,Devtank_PCB_Lib:HTSSOP-16_4.4x5mm_Pitch0.65mm,1,reference,,https://www.ti.com/materialcontent/home,nessun MDF pubblico deterministico; richiedere la dichiarazione al produttore o usare la pagina di conformita'
demo,HILTOP Motherboard Rev D,U37,TUSB9261,TEXAS INSTRUMENTS,TUSB9261PVP,Devtank_PCB_Lib:PQFP-64_7x7mm_P0.4mm_EP,1,reference,,https://www.ti.com/materialcontent/home,nessun MDF pubblico deterministico; richiedere la dichiarazione al produttore o usare la pagina di conformita'
demo,HILTOP Motherboard Rev D,Q8,SSM3J328R,TOSHIBA,SSM3J328R,Package_TO_SOT_SMD:SOT-23,1,reference,,https://toshiba.semicon-storage.com/eu/semiconductor/company/environment.html,nessun MDF pubblico deterministico; richiedere la dichiarazione al produttore o usare la pagina di conformita'
demo,HILTOP Motherboard Rev D,J14,VADJ_B,VALCON,5900-W02ST,Connectors_Molex:Molex_MiniFit-JR-5556-02A_2x01x4.20mm_Straight,1,reference,,,nessun MDF pubblico deterministico; richiedere la dichiarazione al produttore o usare la pagina di conformita'
demo,HILTOP Motherboard Rev D,J15,VADJ_A,VALCON,5900-W02ST,Connectors_Molex:Molex_MiniFit-JR-5556-02A_2x01x4.20mm_Straight,1,reference,,,nessun MDF pubblico deterministico; richiedere la dichiarazione al produttore o usare la pagina di conformita'
demo,HILTOP Motherboard Rev D,J22,BACKPLANE_LV_PWR,VALCON,5900-W04ST,Connector_Molex:Molex_Mini-Fit_Jr_5566-04A_2x02_P4.20mm_Vertical,1,reference,,,nessun MDF pubblico deterministico; richiedere la dichiarazione al produttore o usare la pagina di conformita'
demo,HILTOP Motherboard Rev D,J1,BACKPLANE_PWR,VALCON,5900-W08ST,Connector_Molex:Molex_Mini-Fit_Jr_5566-08A_2x04_P4.20mm_Vertical,1,reference,,,nessun MDF pubblico deterministico; richiedere la dichiarazione al produttore o usare la pagina di conformita'
demo,HILTOP Motherboard Rev D,J2,ATX_MOLEX_02X12,VALCON,5900-W24ST,Connectors_Molex:Molex_MiniFit-JR-5556-24A_2x12x4.20mm_Straight,1,reference,,,nessun MDF pubblico deterministico; richiedere la dichiarazione al produttore o usare la pagina di conformita'
demo,HILTOP Motherboard Rev D,J12,DISPLAY_PORT,VALCON,FFC1-15-V-TR,Devtank_PCB_Lib:DSI_FCC15W_VERT,1,reference,,,nessun MDF pubblico deterministico; richiedere la dichiarazione al produttore o usare la pagina di conformita'
demo,HILTOP Motherboard Rev D,J20,CAMERA_PORT,VALCON,FFC1-15-V-TR,Devtank_PCB_Lib:DSI_FCC15W_VERT,1,reference,,,nessun MDF pubblico deterministico; richiedere la dichiarazione al produttore o usare la pagina di conformita'
demo,HILTOP Motherboard Rev D,J19,Micro_SD_Card,VALCON,MSDC-PP-03,Devtank_PCB_Lib:uSD_MSDC-PP03,1,reference,,,nessun MDF pubblico deterministico; richiedere la dichiarazione al produttore o usare la pagina di conformita'
demo,HILTOP Motherboard Rev D,J17,PWR_LED,VALCON,THS-02-R,Pin_Headers:Pin_Header_Straight_1x02_Pitch2.54mm,1,reference,,,nessun MDF pubblico deterministico; richiedere la dichiarazione al produttore o usare la pagina di conformita'
demo,HILTOP Motherboard Rev D,J16,SOFT_START_PWR,VALCON,THS-02-R,Pin_Headers:Pin_Header_Straight_1x02_Pitch2.54mm,1,reference,,,nessun MDF pubblico deterministico; richiedere la dichiarazione al produttore o usare la pagina di conformita'
demo,HILTOP Motherboard Rev D,J25,DEBUG,VALCON,THS-03-R,Connector_PinHeader_2.54mm:PinHeader_1x03_P2.54mm_Vertical,1,reference,,,nessun MDF pubblico deterministico; richiedere la dichiarazione al produttore o usare la pagina di conformita'
demo,HILTOP Motherboard Rev D,Q1 Q2,Si7148DP-T1-E3,VISHAY,Si7148DP-T1-E3,Devtank_PCB_Lib:PowerPAK_SO-8,2,reference,,https://www.vishay.com/environmental/,nessun MDF pubblico deterministico; richiedere la dichiarazione al produttore o usare la pagina di conformita'
demo,HILTOP Motherboard Rev D,D5,VB40100C,VISHAY,VB40100C-E3/4W,Devtank_PCB_Lib:TO-263AB,1,reference,,https://www.vishay.com/environmental/,nessun MDF pubblico deterministico; richiedere la dichiarazione al produttore o usare la pagina di conformita'
demo,HILTOP Motherboard Rev D,C21 C29 C37 C42 C175 C195 C227 C229,1uF,WALSIN,0603B105K160CT,Capacitor_SMD:C_0603_1608Metric,8,reference,,https://www.walsin.com/system/quality.html,nessun MDF pubblico deterministico; richiedere la dichiarazione al produttore o usare la pagina di conformita'
demo,HILTOP Motherboard Rev D,C74 C63 C115 C111 C171,1uF,WALSIN,0805B105K160CT,Capacitor_SMD:C_0805_2012Metric,5,reference,,https://www.walsin.com/system/quality.html,nessun MDF pubblico deterministico; richiedere la dichiarazione al produttore o usare la pagina di conformita'
demo,HILTOP Motherboard Rev D,C56 C58 C179,2.2uF,YAGEO,CC1206KKX7R8BB225,Capacitor_SMD:C_1206_3216Metric,3,family_mcd,test_data/mdf/MCD-Ceramic.pdf,https://yageogroup.com/About/Sustainability/Resources,"Material Composition Declaration per-serie (MCD-Ceramic.pdf) — materials di famiglia, non per singolo part"
demo,HILTOP Motherboard Rev D,L7 L11 L5 L6,10uH,MURATA,82103C,Devtank_PCB_Lib:Inductor_MuRata_82103C,4,reference,,https://www.murata.com/en-us/support/regulation,nessun MDF pubblico deterministico; richiedere la dichiarazione al produttore o usare la pagina di conformita'
demo,HILTOP Motherboard Rev D,FB1 FB2 FB3 FB4 FB5 FB8 FB7 FB9 FB11 FB6 FB10,120R_100MHz,MURATA,BLM18AG121SN1D,Resistor_SMD:R_0603_1608Metric,11,reference,,https://www.murata.com/en-us/support/regulation,nessun MDF pubblico deterministico; richiedere la dichiarazione al produttore o usare la pagina di conformita'
demo,HILTOP Motherboard Rev D,C27 C107 C114 C116 C113 C68 C100 C153 C217 C224 C76 C45,4.7uF,MURATA,GCJ21BR71C475KA01L,Capacitor_SMD:C_0805_2012Metric,12,reference,,https://www.murata.com/en-us/support/regulation,nessun MDF pubblico deterministico; richiedere la dichiarazione al produttore o usare la pagina di conformita'
demo,Inkplate 5,"PAD2,PAD1,PAD3,PAD5,PAD4",PAD_4x4,,,PAD_4x4,5,no_mpn,,,componente generico/DNF senza part number ricercabile
demo,Inkplate 5,"C14,C15",2u2-GRM188R61E225MA12D,,,0603C,2,no_mpn,,,componente generico/DNF senza part number ricercabile
demo,Inkplate 5,"TP36,TP55,TP54,TP27,TP49,TP50,TP51,TP12,TP18,TP40,TP69,TP66,TP16,TP75,TP15,TP68,TP10,TP25,TP64,TP9,TP37,TP61,TP11,TP13,TP72,TP14,TP56,TP26,TP70,TP65,TP38,TP58,TP19,TP24,TP35,TP17,TP59,TP71,TP41,TP62,TP63,TP67,TP7,TP33,TP34,TP60,TP53,TP52,TP23,TP57,TP8,TP39,TP74,TP73",Test_Point_SMD_0.8mm,,,Test_Point_SMD_0.8mm,54,no_mpn,,,componente generico/DNF senza part number ricercabile
demo,Inkplate 5,"Q8,Q2,Q3",NPN,,,SOT-23-3,3,no_mpn,,,componente generico/DNF senza part number ricercabile
demo,Inkplate 5,"K30,K41,K5,K19,K38,K29,K8,K9,K17,K6,K25,K16,K40,K14,K27,K42,K34,K36,K7,K18,K15,K20,K32,K33,K23,K28,K39,K12,K26,K24,K31,K13,K37,K35,K22",HEADER_MALE_1X1_Inkplate,,,HEADER_MALE_1X1_Inkplate,35,no_mpn,,,componente generico/DNF senza part number ricercabile
demo,Inkplate 5,R2,NTC-NCP18XH103F03RB,,,0603R,1,no_mpn,,,componente generico/DNF senza part number ricercabile
demo,Inkplate 5,"R17,R18",5k1,,,0603R,2,no_mpn,,,componente generico/DNF senza part number ricercabile
demo,Inkplate 5,"C34,C35",12p,,,0603C,2,no_mpn,,,componente generico/DNF senza part number ricercabile
demo,Inkplate 5,"R19,R34",DNP,,,0603R,2,no_mpn,,,componente generico/DNF senza part number ricercabile
demo,Inkplate 5,"R48,R4,R27,R42,R47,R26,R1",10k,,,0603R,7,no_mpn,,,componente generico/DNF senza part number ricercabile
demo,Inkplate 5,"C37,C26,C28,C52,C25,C31",2u2,,,0603C,6,no_mpn,,,componente generico/DNF senza part number ricercabile
demo,Inkplate 5,"C19,C18",100n-AC0603KRX7R8BB104,,,0603C,2,no_mpn,,,componente generico/DNF senza part number ricercabile
demo,Inkplate 5,U7,PCF85063A,,,PCF85063A,1,no_mpn,,,componente generico/DNF senza part number ricercabile
demo,Inkplate 5,"Q7,Q9","SSM3J358R,LF",,,SOT-23-3,2,no_mpn,,,componente generico/DNF senza part number ricercabile
demo,Inkplate 5,"C45,C6,C1,C13,C43,C2,C46,C44,C7,C9,C42,C3,C11,C12,C4",4u7-TMK212AB7475KG-T,,,0805C,15,no_mpn,,,componente generico/DNF senza part number ricercabile
demo,Inkplate 5,"R37,R28,R23,R35,R24,R20",1k,,,0603R,6,no_mpn,,,componente generico/DNF senza part number ricercabile
demo,Inkplate 5,"Q6,Q10,Q5",PMOS,,,SOT-23-3,3,no_mpn,,,componente generico/DNF senza part number ricercabile
demo,Inkplate 5,"JP1,JP4",SMD_JUMPER,,,SMD_JUMPER,2,no_mpn,,,componente generico/DNF senza part number ricercabile
demo,Inkplate 5,"D3,D1","CUS10F30,H3F",,,SOD-323-2,2,no_mpn,,,componente generico/DNF senza part number ricercabile
demo,Inkplate 5,L1,LQH44PN4R7MP0L,,,1515L,1,no_mpn,,,componente generico/DNF senza part number ricercabile
demo,Inkplate 5,K2,U262-161N-4BVC11,,,U262-161N-4BVC11,1,no_mpn,,,componente generico/DNF senza part number ricercabile
demo,Inkplate 5,R21,0R,,,0603R,1,no_mpn,,,componente generico/DNF senza part number ricercabile
demo,Inkplate 5,"D12,D11",M4_DIODA,,,M4_DIODA,2,no_mpn,,,componente generico/DNF senza part number ricercabile
demo,Inkplate 5,"D7,D6",BAT54S,,,SOT-23-3,2,no_mpn,,,componente generico/DNF senza part number ricercabile
demo,Inkplate 5,"C24,C55",DNP,,,2917C,2,no_mpn,,,componente generico/DNF senza part number ricercabile
demo,Inkplate 5,"R39,R7,R44,R43,R30,R38,R25,R36,R41,R6,R5,R31,R40,R45",100k,,,0603R,14,no_mpn,,,componente generico/DNF senza part number ricercabile
demo,Inkplate 5,"C21,C51,C27",10u,,,1206C,3,no_mpn,,,componente generico/DNF senza part number ricercabile
demo,Inkplate 5,U8,SN74LVC1G34DBV,,,SN74LVC1G34DBV,1,no_mpn,,,componente generico/DNF senza part number ricercabile
demo,Inkplate 5,"R12,R10,R9,R8,R11",4k7,,,0603R,5,no_mpn,,,componente generico/DNF senza part number ricercabile
demo,Inkplate 5,"C16,C17",10n-AC0603KRX7R8BB103,,,0603C,2,no_mpn,,,componente generico/DNF senza part number ricercabile
demo,Inkplate 5,R46,330R,,,0603R,1,no_mpn,,,componente generico/DNF senza part number ricercabile
demo,Inkplate 5,"C50,C49,C20,C36,C54,C29,C48,C38,C32,C41,C22,C39,C33,C30,C53,C23",100n,,,0603C,16,no_mpn,,,componente generico/DNF senza part number ricercabile
demo,Inkplate 5,C47,4u7,,,0603C,1,no_mpn,,,componente generico/DNF senza part number ricercabile
demo,Inkplate 5,Q4,NMOS,,,SOT-23-3,1,no_mpn,,,componente generico/DNF senza part number ricercabile
demo,Inkplate 5,L2,NR4012T2R2M,,,NR4012,1,no_mpn,,,componente generico/DNF senza part number ricercabile
demo,Inkplate 5,"C56,C57,C40",100p,,,0603C,3,no_mpn,,,componente generico/DNF senza part number ricercabile
demo,Inkplate 5,"H4,H3,H2,H1",Standoff_M3,,,Standoff_M3,4,no_mpn,,,componente generico/DNF senza part number ricercabile
demo,Inkplate 5,K21,WP27D-S050VA3-R15000,,,WP27D-S050VA3-R15000,1,no_mpn,,,componente generico/DNF senza part number ricercabile
demo,Inkplate 5,"JP6,JP2,JP3,JP8,JP7",SMD_JUMPER_3_PAD_CONNECTED_LEFT_TRACE,,,SMD_JUMPER_3_PAD_CONNECTED_LEFT_TRACE,5,no_mpn,,,componente generico/DNF senza part number ricercabile
demo,Inkplate 5,F1,1206FUSE-500mA,,,1206FUSE,1,no_mpn,,,componente generico/DNF senza part number ricercabile
demo,Inkplate 5,K11,CR2032_BS-6-1,,,CR2032-BS-6-1,1,no_mpn,,,componente generico/DNF senza part number ricercabile
demo,Inkplate 5,R3,43k-RC0603FR-0743KL,,,0603R,1,no_mpn,,,componente generico/DNF senza part number ricercabile
demo,Inkplate 5,"D2,D4,D5,D10",BAT20J,,,SOD-323,4,no_mpn,,,componente generico/DNF senza part number ricercabile
demo,Inkplate 5,"R13,R15",1M,,,0603R,2,no_mpn,,,componente generico/DNF senza part number ricercabile
demo,Inkplate 5,U3,CH340C,,,SOP-16,1,no_mpn,,,componente generico/DNF senza part number ricercabile
demo,Inkplate 5,K3,easyC-SMD,,,easyC-connector,1,no_mpn,,,componente generico/DNF senza part number ricercabile
demo,Inkplate 5,R14,47k5-RC0603FR-0747K5L,,,0603R,1,no_mpn,,,componente generico/DNF senza part number ricercabile
demo,Inkplate 5,JP5,SMD-JUMPER-CONNECTED_TRACE_SOLDERMASK,,,SMD-JUMPER-CONNECTED_TRACE_SOLDERMASK,1,no_mpn,,,componente generico/DNF senza part number ricercabile
demo,Inkplate 5,R32,2k49,,,0603R,1,no_mpn,,,componente generico/DNF senza part number ricercabile
demo,Inkplate 5,"C5,C8,C10",10u-GRM188R61E106KA73J,,,0603C,3,no_mpn,,,componente generico/DNF senza part number ricercabile
demo,Inkplate 5,K10,HYC77-TF09-200,,,HYC77-TF09-200,1,no_mpn,,,componente generico/DNF senza part number ricercabile
demo,Inkplate 5,D9,PURPLE_SIDE,,,LTST-S270GKT,1,no_mpn,,,componente generico/DNF senza part number ricercabile
demo,Inkplate 5,U1,TPS65186RGZ,,,VQFN-49,1,no_mpn,,,componente generico/DNF senza part number ricercabile
demo,Inkplate 5,"SW2,SW3",K2-1114SA-A4SW-06,,,K2-1114SA-A4SW-06,2,no_mpn,,,componente generico/DNF senza part number ricercabile
demo,Inkplate 5,U4,MCP73831T,,,SOT-23-5,1,no_mpn,,,componente generico/DNF senza part number ricercabile
demo,Inkplate 5,U5,MC14093BDTR2G,,,TSSOP-14,1,no_mpn,,,componente generico/DNF senza part number ricercabile
demo,Inkplate 5,S1,SK-3296S-01-L1,,,SK-3296S-01-L1,1,no_mpn,,,componente generico/DNF senza part number ricercabile
demo,Inkplate 5,R16,52k3-RC0603FR-0752K3L,,,0603R,1,no_mpn,,,componente generico/DNF senza part number ricercabile
demo,Inkplate 5,U11,ESP32-WROVER,,,ESP32-WROVER,1,no_mpn,,,componente generico/DNF senza part number ricercabile
demo,Inkplate 5,U2,TPS3840PL27DBVR,,,SOT-23-5,1,no_mpn,,,componente generico/DNF senza part number ricercabile
demo,Inkplate 5,R33,47R,,,0603R,1,no_mpn,,,componente generico/DNF senza part number ricercabile
demo,Inkplate 5,R29,510k,,,0603R,1,no_mpn,,,componente generico/DNF senza part number ricercabile
demo,Inkplate 5,SW1,YTSA007A0151803B,,,YTSA007A0151803B,1,no_mpn,,,componente generico/DNF senza part number ricercabile
demo,Inkplate 5,Q1,DNP,,,SOT-23-3,1,no_mpn,,,componente generico/DNF senza part number ricercabile
demo,Inkplate 5,K4,JST-2pin-SMD,,,JST-2pin-SMD,1,no_mpn,,,componente generico/DNF senza part number ricercabile
demo,Inkplate 5,R22,47k,,,0603R,1,no_mpn,,,componente generico/DNF senza part number ricercabile
demo,Inkplate 5,U10,"PCAL6416AHF,128",,,"PCAL6416AHF,128",1,no_mpn,,,componente generico/DNF senza part number ricercabile
demo,Inkplate 5,U9,ED052TC4,,,ED052TC4,1,no_mpn,,,componente generico/DNF senza part number ricercabile
demo,Inkplate 5,X1,7LC32768F12UC,,,ABS07AIG-32.768KHZ-7-D-T,1,no_mpn,,,componente generico/DNF senza part number ricercabile
demo,Inkplate 5,D8,RED,,,0402LED,1,no_mpn,,,componente generico/DNF senza part number ricercabile
demo,Inkplate 5,U6,TPS7A2633DRVR,,,TPS7A2633DRVR,1,no_mpn,,,componente generico/DNF senza part number ricercabile
demo,Oric Remix Issue A v1.2,"C2,C6,C7,C10,C11,C12,C13,C14,C15,C16,C17,C22,C23,C34,C35",47nF,,,Ceramic Capacitor 5.00mm,15,no_mpn,,,componente generico/DNF senza part number ricercabile
demo,Oric Remix Issue A v1.2,"C25,C28,C30,C31,C32,C37",100nF,,,Ceramic Capacitor 5.00mm,6,no_mpn,,,componente generico/DNF senza part number ricercabile
demo,Oric Remix Issue A v1.2,"C3,C36",100uF TANT,,,Tantalum Capacitor 5.00mm,2,no_mpn,,,componente generico/DNF senza part number ricercabile
demo,Oric Remix Issue A v1.2,"C19,C101",2.2nF,,,Ceramic Capacitor 5.00mm,2,no_mpn,,,componente generico/DNF senza part number ricercabile
demo,Oric Remix Issue A v1.2,C1,22uF,,,Electrolytic Capacitor 5.00mm,1,no_mpn,,,componente generico/DNF senza part number ricercabile
demo,Oric Remix Issue A v1.2,C4,2.2uF,,,Tantalum Capacitor 5.00mm,1,no_mpn,,,componente generico/DNF senza part number ricercabile
demo,Oric Remix Issue A v1.2,C5,10nF,,,Ceramic Capacitor 5.00mm,1,no_mpn,,,componente generico/DNF senza part number ricercabile
demo,Oric Remix Issue A v1.2,C8,100uF 10V,,,Electrolytic Capacitor 5.00mm,1,no_mpn,,,componente generico/DNF senza part number ricercabile
demo,Oric Remix Issue A v1.2,C9,220nF,,,Ceramic Capacitor 5.00mm,1,no_mpn,,,componente generico/DNF senza part number ricercabile
demo,Oric Remix Issue A v1.2,C21,10uF 10V,,,Electrolytic Capacitor 5.00mm,1,no_mpn,,,componente generico/DNF senza part number ricercabile
demo,Oric Remix Issue A v1.2,C24,220uF,,,Electrolytic Capacitor 5.00mm,1,no_mpn,,,componente generico/DNF senza part number ricercabile
demo,Oric Remix Issue A v1.2,C26,120pF,,,Ceramic Capacitor 5.00mm,1,no_mpn,,,componente generico/DNF senza part number ricercabile
demo,Oric Remix Issue A v1.2,C33,10pF,,,Ceramic Capacitor 5.00mm,1,no_mpn,,,componente generico/DNF senza part number ricercabile
demo,Oric Remix Issue A v1.2,"R4,R7,R9,R10,R11,R13,R53,R56,R101",1K,,,Resistor 10.16mm,9,no_mpn,,,componente generico/DNF senza part number ricercabile
demo,Oric Remix Issue A v1.2,"R5,R40,R41,R42,R43,R45,R47",10K,,,Resistor 10.16mm,7,no_mpn,,,componente generico/DNF senza part number ricercabile
demo,Oric Remix Issue A v1.2,"R32,R34,R35,R36",75R,,,Resistor 10.16mm,4,no_mpn,,,componente generico/DNF senza part number ricercabile
demo,Oric Remix Issue A v1.2,"R30,R50,R51",220R,,,Resistor 10.16mm,3,no_mpn,,,componente generico/DNF senza part number ricercabile
demo,Oric Remix Issue A v1.2,"R37,R38,R39",270R,,,Resistor 10.16mm,3,no_mpn,,,componente generico/DNF senza part number ricercabile
demo,Oric Remix Issue A v1.2,"R24,R25",47K,,,Resistor 10.16mm,2,no_mpn,,,componente generico/DNF senza part number ricercabile
demo,Oric Remix Issue A v1.2,"R44,R49",2K4,,,Resistor 10.16mm,2,no_mpn,,,componente generico/DNF senza part number ricercabile
demo,Oric Remix Issue A v1.2,"R46,R48",5K6,,,Resistor 10.16mm,2,no_mpn,,,componente generico/DNF senza part number ricercabile
demo,Oric Remix Issue A v1.2,"R54,R55",1K5,,,Resistor 10.16mm,2,no_mpn,,,componente generico/DNF senza part number ricercabile
demo,Oric Remix Issue A v1.2,R1,10R,,,Resistor 10.16mm,1,no_mpn,,,componente generico/DNF senza part number ricercabile
demo,Oric Remix Issue A v1.2,R2,910R,,,Resistor 10.16mm,1,no_mpn,,,componente generico/DNF senza part number ricercabile
demo,Oric Remix Issue A v1.2,R6,220K,,,Resistor 10.16mm,1,no_mpn,,,componente generico/DNF senza part number ricercabile
demo,Oric Remix Issue A v1.2,R8,100K,,,Resistor 10.16mm,1,no_mpn,,,componente generico/DNF senza part number ricercabile
demo,Oric Remix Issue A v1.2,R12,22K,,,Resistor 10.16mm,1,no_mpn,,,componente generico/DNF senza part number ricercabile
demo,Oric Remix Issue A v1.2,R26,2K2,,,Resistor 10.16mm,1,no_mpn,,,componente generico/DNF senza part number ricercabile
demo,Oric Remix Issue A v1.2,R31,560R,,,Resistor 10.16mm,1,no_mpn,,,componente generico/DNF senza part number ricercabile
demo,Oric Remix Issue A v1.2,R33,10M,,,Resistor 10.16mm,1,no_mpn,,,componente generico/DNF senza part number ricercabile
demo,Oric Remix Issue A v1.2,D1,1N4148,,,Diode_7.62mm,1,no_mpn,,,componente generico/DNF senza part number ricercabile
demo,Oric Remix Issue A v1.2,D30,7.5V,,,Diode_7.62mm,1,no_mpn,,,componente generico/DNF senza part number ricercabile
demo,Oric Remix Issue A v1.2,D31,MOTOR,,,LED_D3.0mm,1,no_mpn,,,componente generico/DNF senza part number ricercabile
demo,Oric Remix Issue A v1.2,D32,POWER,,,LED_D3.0mm,1,no_mpn,,,componente generico/DNF senza part number ricercabile
demo,Oric Remix Issue A v1.2,SW1,RESET,,,Push Switch,1,no_mpn,,,componente generico/DNF senza part number ricercabile
demo,Oric Remix Issue A v1.2,SW2,SELECT,,,ROM_Switch,1,no_mpn,,,componente generico/DNF senza part number ricercabile
demo,Oric Remix Issue A v1.2,SW3,RESET,,,Push Switch Simple,1,no_mpn,,,componente generico/DNF senza part number ricercabile
demo,Oric Remix Issue A v1.2,"TR1,TR2,TR3",BC549,,,TO-92,3,no_mpn,,,componente generico/DNF senza part number ricercabile
demo,Oric Remix Issue A v1.2,"IC8,IC20",74LS257,,,DIP-16_W7.62mm,2,no_mpn,,,componente generico/DNF senza part number ricercabile
demo,Oric Remix Issue A v1.2,"IC30,IC31",4464,,,DIP-18_W7.62mm,2,no_mpn,,,componente generico/DNF senza part number ricercabile
demo,Oric Remix Issue A v1.2,"TR4,TR5",BC547,,,TO-92,2,no_mpn,,,componente generico/DNF senza part number ricercabile
demo,Oric Remix Issue A v1.2,IC1,LM7805,,,IC1 7805,1,no_mpn,,,componente generico/DNF senza part number ricercabile
demo,Oric Remix Issue A v1.2,IC2,LM386,,,DIP-8_W7.62mm,1,no_mpn,,,componente generico/DNF senza part number ricercabile
demo,Oric Remix Issue A v1.2,IC3,LM358,,,DIP-8_W7.62mm,1,no_mpn,,,componente generico/DNF senza part number ricercabile
demo,Oric Remix Issue A v1.2,IC4,AY-3-8912,,,DIP-28_W15.24mm,1,no_mpn,,,componente generico/DNF senza part number ricercabile
demo,Oric Remix Issue A v1.2,IC5,6502A,,,DIP-40_W15.24mm,1,no_mpn,,,componente generico/DNF senza part number ricercabile
demo,Oric Remix Issue A v1.2,IC6,6522A,,,DIP-40_W15.24mm,1,no_mpn,,,componente generico/DNF senza part number ricercabile
demo,Oric Remix Issue A v1.2,IC7,HCS10017,,,DIP-40_W15.24mm,1,no_mpn,,,componente generico/DNF senza part number ricercabile
demo,Oric Remix Issue A v1.2,IC9,27C512,,,DIP-28_W15.24mm,1,no_mpn,,,componente generico/DNF senza part number ricercabile
demo,Oric Remix Issue A v1.2,IC10,AY-3-8910,,,DIP-40_W15.24mm,1,no_mpn,,,componente generico/DNF senza part number ricercabile
demo,Oric Remix Issue A v1.2,IC11,74LS00,,,DIP-14_W7.62mm,1,no_mpn,,,componente generico/DNF senza part number ricercabile
demo,Oric Remix Issue A v1.2,IC21,74LS04,,,DIP-14_W7.62mm,1,no_mpn,,,componente generico/DNF senza part number ricercabile
demo,Oric Remix Issue A v1.2,IC22,74LS365,,,DIP-16_W7.62mm,1,no_mpn,,,componente generico/DNF senza part number ricercabile
demo,Oric Remix Issue A v1.2,IC23,AD724,,,SOIC-16W_7.5x10.3mm_P1.27mm,1,no_mpn,,,componente generico/DNF senza part number ricercabile
demo,Oric Remix Issue A v1.2,LK4,SND,,,PinHeader_1x02_P2.54mm,1,no_mpn,,,componente generico/DNF senza part number ricercabile
demo,Oric Remix Issue A v1.2,LK5,Volume,,,PinHeader_1x03_P2.54mm,1,no_mpn,,,componente generico/DNF senza part number ricercabile
demo,Oric Remix Issue A v1.2,LK6,SYSTEM RESET,,,PinHeader_1x02_P2.54mm,1,no_mpn,,,componente generico/DNF senza part number ricercabile
demo,Oric Remix Issue A v1.2,LS1,AD2071/Z25,,,Speaker,1,no_mpn,,,componente generico/DNF senza part number ricercabile
demo,Oric Remix Issue A v1.2,PL1,Printer,,,PinHeader_2x10_P2.54mmo,1,no_mpn,,,componente generico/DNF senza part number ricercabile
demo,Oric Remix Issue A v1.2,PL2,,,,PinHeader_2x17_P2.54mm,1,no_mpn,,,componente generico/DNF senza part number ricercabile
demo,Oric Remix Issue A v1.2,PL3,Keyboard,,,PinHeader_1x14_P2.54mm,1,no_mpn,,,componente generico/DNF senza part number ricercabile
demo,Oric Remix Issue A v1.2,RL1,D51A05P,,,Relay,1,no_mpn,,,componente generico/DNF senza part number ricercabile
demo,Oric Remix Issue A v1.2,RP1,2K2,,,R_Array_SIP8_Bussed,1,no_mpn,,,componente generico/DNF senza part number ricercabile
demo,Oric Remix Issue A v1.2,RP2,220R,,,R_Array_SIP8_Isolated,1,no_mpn,,,componente generico/DNF senza part number ricercabile
demo,Oric Remix Issue A v1.2,RP3,10K,,,R_Array_SIP8_Isolated,1,no_mpn,,,componente generico/DNF senza part number ricercabile
demo,Oric Remix Issue A v1.2,RV2,VOLUME,,,Volume Control 3386,1,no_mpn,,,componente generico/DNF senza part number ricercabile
demo,Oric Remix Issue A v1.2,SK1,RGB,,,SK1_5-Pin_DIN,1,no_mpn,,,componente generico/DNF senza part number ricercabile
demo,Oric Remix Issue A v1.2,SK2,Tape,,,SK2 7-Pin_DIN,1,no_mpn,,,componente generico/DNF senza part number ricercabile
demo,Oric Remix Issue A v1.2,SK3,9V DC Input,,,SK3 Barrel Jack,1,no_mpn,,,componente generico/DNF senza part number ricercabile
demo,Oric Remix Issue A v1.2,SK4,AV Out,,,PJ320A,1,no_mpn,,,componente generico/DNF senza part number ricercabile
demo,Oric Remix Issue A v1.2,SK5,C1531,,,C1531 - 7-Pin Mini DIN,1,no_mpn,,,componente generico/DNF senza part number ricercabile
demo,Oric Remix Issue A v1.2,TR6,BC337,,,TO-92,1,no_mpn,,,componente generico/DNF senza part number ricercabile
demo,Oric Remix Issue A v1.2,TR7,TIP29,,,TIP29 TO-220,1,no_mpn,,,componente generico/DNF senza part number ricercabile
demo,Oric Remix Issue A v1.2,VC1,5-20pF,,,CVN6500,1,no_mpn,,,componente generico/DNF senza part number ricercabile
demo,Oric Remix Issue A v1.2,XT1,12MHz,,,Crystal,1,no_mpn,,,componente generico/DNF senza part number ricercabile
demo,Oric Remix Issue A v1.2,XT2,4.43MHz,,,Crystal,1,no_mpn,,,componente generico/DNF senza part number ricercabile
ariadne,M,R1,10k,,,0603,1,no_mpn,,,componente generico/DNF senza part number ricercabile
ariadne,M,C1,100nF,,,0402,2,no_mpn,,,componente generico/DNF senza part number ricercabile
ariadne,STEVAL-SPIN3204,LD1,RED-GREEN,AVAGO,HSMF-A201-A00J1,PLCC4,2,reference,,https://www.broadcom.com/products/technology/environmental-resources,nessun MDF pubblico deterministico; richiedere la dichiarazione al produttore o usare la pagina di conformita'
ariadne,STEVAL-SPIN3204,R6,100K,BOURNS,3386G-1-104-LF,L9.5_W4.9_H9.5,2,reference,,https://www.bourns.com/support/rohs-compliance,nessun MDF pubblico deterministico; richiedere la dichiarazione al produttore o usare la pagina di conformita'
ariadne,STEVAL-SPIN3204,L1,22uH,BOURNS,SRN3015-220M,L3_W3_H1.5,2,reference,,https://www.bourns.com/support/rohs-compliance,nessun MDF pubblico deterministico; richiedere la dichiarazione al produttore o usare la pagina di conformita'
ariadne,STEVAL-SPIN3204,"D3, D4, D5, D6, D7, D8",1N4148WS,FAIRCHILD SEMICONDUCTOR,1N4148WS,SOD323,72,reference,,https://www.onsemi.com/design/support/quality/environmental,nessun MDF pubblico deterministico; richiedere la dichiarazione al produttore o usare la pagina di conformita'
ariadne,STEVAL-SPIN3204,"TP1, TP10, TP11, TP13, TP14, TP2, TP3, TP4, TP5, TP7, TP8",S1751-46R,HARWIN,S1751-46R,,242,reference,,https://www.harwin.com/quality-and-environment/,nessun MDF pubblico deterministico; richiedere la dichiarazione al produttore o usare la pagina di conformita'
ariadne,STEVAL-SPIN3204,"C22, C23, C24, C35, C36",10 pF,KEMET,C0603C100J5GACTU,0603,50,family_mcd,test_data/mdf/MCD-Ceramic.pdf,https://yageogroup.com/About/Sustainability/Environment/KemetFocus,"Material Composition Declaration per-serie (MCD-Ceramic.pdf) — materials di famiglia, non per singolo part"
ariadne,STEVAL-SPIN3204,"C15, C21",100 pF,KEMET,C0603C101J5GACTU,0603,8,family_mcd,test_data/mdf/MCD-Ceramic.pdf,https://yageogroup.com/About/Sustainability/Environment/KemetFocus,"Material Composition Declaration per-serie (MCD-Ceramic.pdf) — materials di famiglia, non per singolo part"
ariadne,STEVAL-SPIN3204,"C12, C13, C19",1 nF,KEMET,C0603C102K5RACTU,0603,18,family_mcd,test_data/mdf/MCD-Ceramic.pdf,https://yageogroup.com/About/Sustainability/Environment/KemetFocus,"Material Composition Declaration per-serie (MCD-Ceramic.pdf) — materials di famiglia, non per singolo part"
ariadne,STEVAL-SPIN3204,C32,10 nF,KEMET,C0603C103K5RACTU,0603,2,family_mcd,test_data/mdf/MCD-Ceramic.pdf,https://yageogroup.com/About/Sustainability/Environment/KemetFocus,"Material Composition Declaration per-serie (MCD-Ceramic.pdf) — materials di famiglia, non per singolo part"
ariadne,STEVAL-SPIN3204,"C1, C11, C20, C26, C27, C28, C29, C33, C34, C37, C5, C7, C8, C9",100 nF,KEMET,C0603C104K5RACTU,0603,392,family_mcd,test_data/mdf/MCD-Ceramic.pdf,https://yageogroup.com/About/Sustainability/Environment/KemetFocus,"Material Composition Declaration per-serie (MCD-Ceramic.pdf) — materials di famiglia, non per singolo part"
ariadne,STEVAL-SPIN3204,"C30, C31",1 uF,KEMET,C0603C105K3RACTU,0603,8,family_mcd,test_data/mdf/MCD-Ceramic.pdf,https://yageogroup.com/About/Sustainability/Environment/KemetFocus,"Material Composition Declaration per-serie (MCD-Ceramic.pdf) — materials di famiglia, non per singolo part"
ariadne,STEVAL-SPIN3204,C45,220 nF,KEMET,C0603C224K3RACTU,0603,2,family_mcd,test_data/mdf/MCD-Ceramic.pdf,https://yageogroup.com/About/Sustainability/Environment/KemetFocus,"Material Composition Declaration per-serie (MCD-Ceramic.pdf) — materials di famiglia, non per singolo part"
ariadne,STEVAL-SPIN3204,C6,3.3 nF,KEMET,C0603C332K5RACTU,0603,2,family_mcd,test_data/mdf/MCD-Ceramic.pdf,https://yageogroup.com/About/Sustainability/Environment/KemetFocus,"Material Composition Declaration per-serie (MCD-Ceramic.pdf) — materials di famiglia, non per singolo part"
ariadne,STEVAL-SPIN3204,"C14, C18",4.7 nF,KEMET,C0603C472K5RACTU,0603,8,family_mcd,test_data/mdf/MCD-Ceramic.pdf,https://yageogroup.com/About/Sustainability/Environment/KemetFocus,"Material Composition Declaration per-serie (MCD-Ceramic.pdf) — materials di famiglia, non per singolo part"
ariadne,STEVAL-SPIN3204,"C42, C43, C44",68 pF,KEMET,C0603C680J5GACTU,0603,18,family_mcd,test_data/mdf/MCD-Ceramic.pdf,https://yageogroup.com/About/Sustainability/Environment/KemetFocus,"Material Composition Declaration per-serie (MCD-Ceramic.pdf) — materials di famiglia, non per singolo part"
ariadne,STEVAL-SPIN3204,"C25, C3, C40, C41",220 nF,KEMET,C0805C224K1RACTU,0803,32,family_mcd,test_data/mdf/MCD-Ceramic.pdf,https://yageogroup.com/About/Sustainability/Environment/KemetFocus,"Material Composition Declaration per-serie (MCD-Ceramic.pdf) — materials di famiglia, non per singolo part"
ariadne,STEVAL-SPIN3204,C10,47 uF,MURATA,GRM21BR60J476ME15K,0803,2,reference,,https://www.murata.com/en-us/support/regulation,nessun MDF pubblico deterministico; richiedere la dichiarazione al produttore o usare la pagina di conformita'
ariadne,STEVAL-SPIN3204,"TP16, TP9",NEEDLE-PAD-1.7mm,N.A.,NEEDLE-PAD-1.7mm,,8,no_mpn,,,componente generico/DNF senza part number ricercabile
ariadne,STEVAL-SPIN3204,"N1, N2",NETS_L1_W0.5,N.A.,NETS_L1_W0.5,,8,no_mpn,,,componente generico/DNF senza part number ricercabile
ariadne,STEVAL-SPIN3204,"JP1, JP4, JP5, JP6, JP7",OPEN,N.A.,NO COMPONENTS,0803,50,no_mpn,,,componente generico/DNF senza part number ricercabile
ariadne,STEVAL-SPIN3204,"R59, R60, R61, R72",NP,N.A.,NOT_POPULATED_0603,0603,32,no_mpn,,,componente generico/DNF senza part number ricercabile
ariadne,STEVAL-SPIN3204,M8,GZ_rev2,N.A.,PCB GZ rev2 - 2 layers,,2,no_mpn,,,componente generico/DNF senza part number ricercabile
ariadne,STEVAL-SPIN3204,R10,169K,YAGEO,RC0805FR-07169KL,0805,2,reference,,https://yageogroup.com/About/Sustainability/Resources,nessun MDF pubblico deterministico; richiedere la dichiarazione al produttore o usare la pagina di conformita'
ariadne,STEVAL-SPIN3204,"JP10, JP2, JP8, JP9",CLOSE,YAGEO,RC0805JR-070RL,0803,32,reference,,https://yageogroup.com/About/Sustainability/Resources,nessun MDF pubblico deterministico; richiedere la dichiarazione al produttore o usare la pagina di conformita'
ariadne,STEVAL-SPIN3204,"TP12, TP15, TP6",TPSMD-1MM,N.A.,TPSMD-1MM,Test Point,18,reference,,,nessun MDF pubblico deterministico; richiedere la dichiarazione al produttore o usare la pagina di conformita'
ariadne,STEVAL-SPIN3204,X1,8MHz,NDK,NX3225GD-8MHZ-STD-CRA-3,L3.2_W2.5,2,reference,,https://www.ndk.co.jp/en/environment/,nessun MDF pubblico deterministico; richiedere la dichiarazione al produttore o usare la pagina di conformita'
ariadne,STEVAL-SPIN3204,Q7,NPN,ON SEMICONDUCTOR,BC847BLT1G,SOT23,2,reference,,https://www.onsemi.com/design/support/quality/environmental,nessun MDF pubblico deterministico; richiedere la dichiarazione al produttore o usare la pagina di conformita'
ariadne,STEVAL-SPIN3204,"C38, C39",NP,PANASONIC,,D12.5_H22_P5,8,no_mpn,,,componente generico/DNF senza part number ricercabile
ariadne,STEVAL-SPIN3204,C2,22 uF,PANASONIC,EEEFK1J220P,L8.3_W8.3_H9.5,2,reference,,https://industrial.panasonic.com/ww/eco/compliance,nessun MDF pubblico deterministico; richiedere la dichiarazione al produttore o usare la pagina di conformita'
ariadne,STEVAL-SPIN3204,"C16, C17",220 uF,PANASONIC,EEVFK1J221Q,L13.5_W13.5_H15,8,reference,,https://industrial.panasonic.com/ww/eco/compliance,nessun MDF pubblico deterministico; richiedere la dichiarazione al produttore o usare la pagina di conformita'
ariadne,STEVAL-SPIN3204,"D10, D11, D12, D13, D14, D2, D9",BAT30KFILM,STMICROELECTRONICS,BAT30KFILM,SOD523,98,reference,,https://www.st.com/en/about-us/environmental-information.html,nessun MDF pubblico deterministico; richiedere la dichiarazione al produttore o usare la pagina di conformita'
ariadne,STEVAL-SPIN3204,U3,LD3985M33R,STMICROELECTRONICS,LD3985M33R,SOT23-5,2,reference,,https://www.st.com/en/about-us/environmental-information.html,nessun MDF pubblico deterministico; richiedere la dichiarazione al produttore o usare la pagina di conformita'
ariadne,STEVAL-SPIN3204,"Q1, Q2, Q3, Q4, Q5, Q6",N-MOS,STMICROELECTRONICS,STD140N6F7,DPAK,72,reference,,https://www.st.com/en/about-us/environmental-information.html,nessun MDF pubblico deterministico; richiedere la dichiarazione al produttore o usare la pagina di conformita'
ariadne,STEVAL-SPIN3204,U4,STM32F103CBT6,STMICROELECTRONICS,STM32F103CBT6,LQFP48,2,reference,,https://www.st.com/en/about-us/environmental-information.html,nessun MDF pubblico deterministico; richiedere la dichiarazione al produttore o usare la pagina di conformita'
ariadne,STEVAL-SPIN3204,D1,STPS0560Z,STMICROELECTRONICS,STPS0560Z,SOD123,2,reference,,https://www.st.com/en/about-us/environmental-information.html,nessun MDF pubblico deterministico; richiedere la dichiarazione al produttore o usare la pagina di conformita'
ariadne,STEVAL-SPIN3204,U1,STSPIN32F0B,STMICROELECTRONICS,STSPIN32F0B,VFQFPN48_L7_W7_P.5,2,reference,,https://www.st.com/en/about-us/environmental-information.html,nessun MDF pubblico deterministico; richiedere la dichiarazione al produttore o usare la pagina di conformita'
ariadne,STEVAL-SPIN3204,U2,USBLC6-2SC6,STMICROELECTRONICS,USBLC6-2SC6,SOT23-6L,2,reference,,https://www.st.com/en/about-us/environmental-information.html,nessun MDF pubblico deterministico; richiedere la dichiarazione al produttore o usare la pagina di conformita'
ariadne,STEVAL-SPIN3204,C4,10 uF,WURTH ELEKTRONIK,865080440002,D4_H5.5,2,reference,,https://www.we-online.com/en/service/quality,nessun MDF pubblico deterministico; richiedere la dichiarazione al produttore o usare la pagina di conformita'
ariadne,STEVAL-SPIN3204,DL1,RED,WURTH ELEKTRONIK,150060RS75000,0603,2,reference,,https://www.we-online.com/en/service/quality,nessun MDF pubblico deterministico; richiedere la dichiarazione al produttore o usare la pagina di conformita'
ariadne,STEVAL-SPIN3204,"DL3, DL4",YELLOW,WURTH ELEKTRONIK,150060YS75000,0603,8,reference,,https://www.we-online.com/en/service/quality,nessun MDF pubblico deterministico; richiedere la dichiarazione al produttore o usare la pagina di conformita'
ariadne,STEVAL-SPIN3204,DL2,RED,WURTH ELEKTRONIK,150080RS75000,0803,2,reference,,https://www.we-online.com/en/service/quality,nessun MDF pubblico deterministico; richiedere la dichiarazione al produttore o usare la pagina di conformita'
ariadne,STEVAL-SPIN3204,"SW1, SW2, SW3",430483025816,WURTH ELEKTRONIK,430483025816,L6.2_W6.2_H2.5,18,reference,,https://www.we-online.com/en/service/quality,nessun MDF pubblico deterministico; richiedere la dichiarazione al produttore o usare la pagina di conformita'
ariadne,STEVAL-SPIN3204,"JUMPER1, JUMPER2, JUMPER3, JUMPER4",CLOSED,WURTH ELEKTRONIK,60900213621,JUMPER,32,reference,,https://www.we-online.com/en/service/quality,nessun MDF pubblico deterministico; richiedere la dichiarazione al produttore o usare la pagina di conformita'
ariadne,STEVAL-SPIN3204,"J7, J8, J9",61300211121,WURTH ELEKTRONIK,61300211121,TH_HEADER_1x2_P2.54,18,reference,,https://www.we-online.com/en/service/quality,nessun MDF pubblico deterministico; richiedere la dichiarazione al produttore o usare la pagina di conformita'
ariadne,STEVAL-SPIN3204,J10,NP,WURTH ELEKTRONIK,61300211121,TH_HEADER_1x2_P2.54,2,reference,,https://www.we-online.com/en/service/quality,nessun MDF pubblico deterministico; richiedere la dichiarazione al produttore o usare la pagina di conformita'
ariadne,STEVAL-SPIN3204,"J11, JP3",61300311121,WURTH ELEKTRONIK,61300311121,TH_HEADER_1x3_P2.54,8,reference,,https://www.we-online.com/en/service/quality,nessun MDF pubblico deterministico; richiedere la dichiarazione al produttore o usare la pagina di conformita'
ariadne,STEVAL-SPIN3204,J6,61300411121,WURTH ELEKTRONIK,61300411121,TH_HEADER_1x4_P2.54,2,reference,,https://www.we-online.com/en/service/quality,nessun MDF pubblico deterministico; richiedere la dichiarazione al produttore o usare la pagina di conformita'
ariadne,STEVAL-SPIN3204,J4,61300511121,WURTH ELEKTRONIK,61300511121,TH_HEADER_1x5_P2.54,2,reference,,https://www.we-online.com/en/service/quality,nessun MDF pubblico deterministico; richiedere la dichiarazione al produttore o usare la pagina di conformita'
ariadne,STEVAL-SPIN3204,J1,61300811121,WURTH ELEKTRONIK,61300811121,TH_HEADER_1x8_P2.54,2,reference,,https://www.we-online.com/en/service/quality,nessun MDF pubblico deterministico; richiedere la dichiarazione al produttore o usare la pagina di conformita'
ariadne,STEVAL-SPIN3204,J5,65100516121,WURTH ELEKTRONIK,65100516121,MINI USB TYPE B SMD,2,reference,,https://www.we-online.com/en/service/quality,nessun MDF pubblico deterministico; richiedere la dichiarazione al produttore o usare la pagina di conformita'
ariadne,STEVAL-SPIN3204,J2,691213510002,WURTH ELEKTRONIK,691213510002,,2,reference,,https://www.we-online.com/en/service/quality,nessun MDF pubblico deterministico; richiedere la dichiarazione al produttore o usare la pagina di conformita'
ariadne,STEVAL-SPIN3204,J3,691213510003,WURTH ELEKTRONIK,691213510003,,2,reference,,https://www.we-online.com/en/service/quality,nessun MDF pubblico deterministico; richiedere la dichiarazione al produttore o usare la pagina di conformita'
ariadne,STEVAL-SPIN3204,"R26, R27",0.02 R,YAGEO,PE2512FKE7W0R02L,2512,8,reference,,https://yageogroup.com/About/Sustainability/Resources,nessun MDF pubblico deterministico; richiedere la dichiarazione al produttore o usare la pagina di conformita'
ariadne,STEVAL-SPIN3204,"R14, R43, R50, R51, R52, R9",0 R,YAGEO,RC0603JR-070RL,0603,72,reference,,https://yageogroup.com/About/Sustainability/Resources,nessun MDF pubblico deterministico; richiedere la dichiarazione al produttore o usare la pagina di conformita'
ariadne,STEVAL-SPIN3204,"R30, R70",100 K,YAGEO,RC0603JR-07100KL,0603,8,reference,,https://yageogroup.com/About/Sustainability/Resources,nessun MDF pubblico deterministico; richiedere la dichiarazione al produttore o usare la pagina di conformita'
ariadne,STEVAL-SPIN3204,"R2, R62, R63, R67, R7, R73, R8",100 R,YAGEO,RC0603JR-07100RL,0603,98,reference,,https://yageogroup.com/About/Sustainability/Resources,nessun MDF pubblico deterministico; richiedere la dichiarazione al produttore o usare la pagina di conformita'
ariadne,STEVAL-SPIN3204,"R13, R19, R20, R34, R45, R46, R47, R53, R54, R55, R65, R71",10 K,YAGEO,RC0603JR-0710KL,0603,288,reference,,https://yageogroup.com/About/Sustainability/Resources,nessun MDF pubblico deterministico; richiedere la dichiarazione al produttore o usare la pagina di conformita'
ariadne,STEVAL-SPIN3204,"R17, R22, R31, R35, R39, R41",10 R,YAGEO,RC0603JR-0710RL,0603,72,reference,,https://yageogroup.com/About/Sustainability/Resources,nessun MDF pubblico deterministico; richiedere la dichiarazione al produttore o usare la pagina di conformita'
ariadne,STEVAL-SPIN3204,"R4, R5",120 R,YAGEO,RC0603JR-07120RL,0603,8,reference,,https://yageogroup.com/About/Sustainability/Resources,nessun MDF pubblico deterministico; richiedere la dichiarazione al produttore o usare la pagina di conformita'
ariadne,STEVAL-SPIN3204,"R15, R21",15 K,YAGEO,RC0603JR-0715KL,0603,8,reference,,https://yageogroup.com/About/Sustainability/Resources,nessun MDF pubblico deterministico; richiedere la dichiarazione al produttore o usare la pagina di conformita'
ariadne,STEVAL-SPIN3204,R64,1.5 K,YAGEO,RC0603JR-071K5L,0603,2,reference,,https://yageogroup.com/About/Sustainability/Resources,nessun MDF pubblico deterministico; richiedere la dichiarazione al produttore o usare la pagina di conformita'
ariadne,STEVAL-SPIN3204,"R56, R57, R58, R75",1 K,YAGEO,RC0603JR-071KL,0603,32,reference,,https://yageogroup.com/About/Sustainability/Resources,nessun MDF pubblico deterministico; richiedere la dichiarazione al produttore o usare la pagina di conformita'
ariadne,STEVAL-SPIN3204,"R24, R25, R28, R74",2.2 K,YAGEO,RC0603JR-072K2L,0603,32,reference,,https://yageogroup.com/About/Sustainability/Resources,nessun MDF pubblico deterministico; richiedere la dichiarazione al produttore o usare la pagina di conformita'
ariadne,STEVAL-SPIN3204,"R29, R33",2.4 K,YAGEO,RC0603JR-072K4L,0603,8,reference,,https://yageogroup.com/About/Sustainability/Resources,nessun MDF pubblico deterministico; richiedere la dichiarazione al produttore o usare la pagina di conformita'
ariadne,STEVAL-SPIN3204,R68,2.7 K,YAGEO,RC0603JR-072K7L,0603,2,reference,,https://yageogroup.com/About/Sustainability/Resources,nessun MDF pubblico deterministico; richiedere la dichiarazione al produttore o usare la pagina di conformita'
ariadne,STEVAL-SPIN3204,R3,330 R,YAGEO,RC0603JR-07330RL,0603,2,reference,,https://yageogroup.com/About/Sustainability/Resources,nessun MDF pubblico deterministico; richiedere la dichiarazione al produttore o usare la pagina di conformita'
ariadne,STEVAL-SPIN3204,R66,36 K,YAGEO,RC0603JR-0736KL,0603,2,reference,,https://yageogroup.com/About/Sustainability/Resources,nessun MDF pubblico deterministico; richiedere la dichiarazione al produttore o usare la pagina di conformita'
ariadne,STEVAL-SPIN3204,R1,39 K,YAGEO,RC0603JR-0739KL,0603,2,reference,,https://yageogroup.com/About/Sustainability/Resources,nessun MDF pubblico deterministico; richiedere la dichiarazione al produttore o usare la pagina di conformita'
ariadne,STEVAL-SPIN3204,"R37, R38, R44, R69",4.7 K,YAGEO,RC0603JR-074K7L,0603,32,reference,,https://yageogroup.com/About/Sustainability/Resources,nessun MDF pubblico deterministico; richiedere la dichiarazione al produttore o usare la pagina di conformita'
ariadne,STEVAL-SPIN3204,"R18, R23, R32, R36, R40, R42",62 R,YAGEO,RC0603JR-0762RL,0603,72,reference,,https://yageogroup.com/About/Sustainability/Resources,nessun MDF pubblico deterministico; richiedere la dichiarazione al produttore o usare la pagina di conformita'
ariadne,STEVAL-SPIN3204,R12,7.5 K,YAGEO,RC0603JR-077K5L,0603,2,reference,,https://yageogroup.com/About/Sustainability/Resources,nessun MDF pubblico deterministico; richiedere la dichiarazione al produttore o usare la pagina di conformita'
ariadne,STEVAL-SPIN3204,R16,9.31 K,YAGEO,RC0805FR-079K31L,0803,2,reference,,https://yageogroup.com/About/Sustainability/Resources,nessun MDF pubblico deterministico; richiedere la dichiarazione al produttore o usare la pagina di conformita'
ariadne,STEVAL-SPIN3204,"R11, R48, R49",680 R,YAGEO,RC0805JR-07680RL,0805,18,reference,,https://yageogroup.com/About/Sustainability/Resources,nessun MDF pubblico deterministico; richiedere la dichiarazione al produttore o usare la pagina di conformita'
